<EMSnippet ClassName="UEM.EMSnippet.0000" CreatedByVerion="8.1.475.0">
  <Branches ClassName="UEM.BranchCollection.0000">
    <Branch ClassName="UEM.Branch.0000" OriginalPath="Configuration.User.Events.ProcessStarted.Branches.Item(0).Branches" LinkID="A08C27EE-3F9E-46B6-9EA8-09DEB5CE80EF" Name="Explorer" Enabled="True" EventType="UserProcessStarted">
      <Actions ClassName="UEM.ActionBaseCollection.0000">
        <Action ClassName="UEM.Action.0000" Identifier="UEM.Condition.UserProcessName" ActionType="4294967296" LinkID="A5CD2E4D-3885-4809-8052-07AADFF995A7" Name="User Process Name is Equal To explorer.exe" Enabled="True" StopOnFail="True" IsCached="Off">
          <ActionProperties ClassName="UEM.ActionPropertyCollection.0000">
            <ActionProperty ClassName="UEM.ActionProperty.0000" Name="Operator" PropertyType="String" Value="Equal" />
            <ActionProperty ClassName="UEM.ActionProperty.0000" Name="ApplicationName" PropertyType="String" Value="explorer.exe" />
          </ActionProperties>
          <Description ClassName="UEM.Description.0000" Text="" />
          <Notes ClassName="UEM.Notes.0000" Text="" />
          <Actions ClassName="UEM.ActionBaseCollection.0000">
            <Action ClassName="UEM.Action.0000" Identifier="UEM.Action.File.Delete" ActionType="4" LinkID="FB912865-BA44-4C97-A0A9-CDACE657DD0E" Name="Delete File &gt;%USERPROFILE%\Links\Desktop.lnk" Enabled="True">
              <ActionProperties ClassName="UEM.ActionPropertyCollection.0000">
                <ActionProperty ClassName="UEM.ActionProperty.0000" Name="Source" PropertyType="String" Value="%USERPROFILE%\Links\Desktop.lnk" />
                <ActionProperty ClassName="UEM.ActionProperty.0000" Name="ForceDelete" PropertyType="Boolean" Value="True" />
                <ActionProperty ClassName="UEM.ActionProperty.0000" Name="RunAs" PropertyType="String" Value="CurrentUser" />
                <ActionProperty ClassName="UEM.ActionProperty.0000" Name="Enforced" PropertyType="Boolean" Value="True" />
              </ActionProperties>
              <Description ClassName="UEM.Description.0000" Text="" />
              <Notes ClassName="UEM.Notes.0000" Text="" />
            </Action>
            <Action ClassName="UEM.Action.0000" Identifier="UEM.Action.File.Delete" ActionType="4" LinkID="265E9049-A2DD-4115-95D8-E7AC2A4C154C" Name="Delete File &gt;%USERPROFILE%\Links\Downloads.lnk" Enabled="True">
              <ActionProperties ClassName="UEM.ActionPropertyCollection.0000">
                <ActionProperty ClassName="UEM.ActionProperty.0000" Name="Source" PropertyType="String" Value="%USERPROFILE%\Links\Downloads.lnk" />
                <ActionProperty ClassName="UEM.ActionProperty.0000" Name="ForceDelete" PropertyType="Boolean" Value="False" />
                <ActionProperty ClassName="UEM.ActionProperty.0000" Name="RunAs" PropertyType="String" Value="CurrentUser" />
                <ActionProperty ClassName="UEM.ActionProperty.0000" Name="Enforced" PropertyType="Boolean" Value="True" />
              </ActionProperties>
              <Description ClassName="UEM.Description.0000" Text="" />
              <Notes ClassName="UEM.Notes.0000" Text="" />
            </Action>
            <Action ClassName="UEM.Action.0000" Identifier="UEM.Action.File.Delete" ActionType="4" LinkID="2820F905-9532-432C-982D-33FD37A05ABC" Name="Delete File &gt;%USERPROFILE%\Links\RecentPlaces.lnk" Enabled="True">
              <ActionProperties ClassName="UEM.ActionPropertyCollection.0000">
                <ActionProperty ClassName="UEM.ActionProperty.0000" Name="Source" PropertyType="String" Value="%USERPROFILE%\Links\RecentPlaces.lnk" />
                <ActionProperty ClassName="UEM.ActionProperty.0000" Name="ForceDelete" PropertyType="Boolean" Value="False" />
                <ActionProperty ClassName="UEM.ActionProperty.0000" Name="RunAs" PropertyType="String" Value="CurrentUser" />
                <ActionProperty ClassName="UEM.ActionProperty.0000" Name="Enforced" PropertyType="Boolean" Value="True" />
              </ActionProperties>
              <Description ClassName="UEM.Description.0000" Text="" />
              <Notes ClassName="UEM.Notes.0000" Text="" />
            </Action>
            <Action ClassName="UEM.Action.0000" Identifier="UEM.Action.Registry.DeleteKey" ActionType="1" LinkID="02983A5F-0E40-4AA3-B8BA-5B10287BD2E9" Name="Delete Registry Key: HKEY_LOCAL_MACHINE\SOFTWARE\Microsoft\Windows\CurrentVersion\Explorer\Desktop\NameSpace\{031E4825-7B94-4dc3-B131-E946B44C8DD5}" Enabled="True">
              <ActionProperties ClassName="UEM.ActionPropertyCollection.0000">
                <ActionProperty ClassName="UEM.ActionProperty.0000" Name="Hive" PropertyType="String" Value="HKEY_LOCAL_MACHINE" />
                <ActionProperty ClassName="UEM.ActionProperty.0000" Name="Key" PropertyType="String" Value="SOFTWARE\Microsoft\Windows\CurrentVersion\Explorer\Desktop\NameSpace\{031E4825-7B94-4dc3-B131-E946B44C8DD5}" />
                <ActionProperty ClassName="UEM.ActionProperty.0000" Name="RunAs" PropertyType="String" Value="CurrentUser" />
                <ActionProperty ClassName="UEM.ActionProperty.0000" Name="Enforced" PropertyType="String" Value="True" />
              </ActionProperties>
            </Action>
            <Action ClassName="UEM.Action.0000" Identifier="UEM.Action.Registry.DeleteKey" ActionType="1" LinkID="6EBC41EA-7B67-4A6B-8A93-163FBAF670D8" Name="Delete Registry Key: HKEY_LOCAL_MACHINE\SOFTWARE\Microsoft\Windows\CurrentVersion\Explorer\FolderDescriptions\{2112AB0A-C86A-4ffe-A368-0DE96E47012E}" Enabled="True">
              <ActionProperties ClassName="UEM.ActionPropertyCollection.0000">
                <ActionProperty ClassName="UEM.ActionProperty.0000" Name="Hive" PropertyType="String" Value="HKEY_LOCAL_MACHINE" />
                <ActionProperty ClassName="UEM.ActionProperty.0000" Name="Key" PropertyType="String" Value="SOFTWARE\Microsoft\Windows\CurrentVersion\Explorer\FolderDescriptions\{2112AB0A-C86A-4ffe-A368-0DE96E47012E}" />
                <ActionProperty ClassName="UEM.ActionProperty.0000" Name="RunAs" PropertyType="String" Value="CurrentUser" />
                <ActionProperty ClassName="UEM.ActionProperty.0000" Name="Enforced" PropertyType="String" Value="True" />
              </ActionProperties>
            </Action>
            <Action ClassName="UEM.Action.0000" Identifier="UEM.Action.Registry.DeleteKey" ActionType="1" LinkID="4311BADE-AC5B-48B1-ADAC-837AB671B02D" Name="Delete Registry Key: HKEY_LOCAL_MACHINE\SOFTWARE\Microsoft\Windows\CurrentVersion\Explorer\FolderDescriptions\{491E922F-5643-4af4-A7EB-4E7A138D8174}" Enabled="True">
              <ActionProperties ClassName="UEM.ActionPropertyCollection.0000">
                <ActionProperty ClassName="UEM.ActionProperty.0000" Name="Hive" PropertyType="String" Value="HKEY_LOCAL_MACHINE" />
                <ActionProperty ClassName="UEM.ActionProperty.0000" Name="Key" PropertyType="String" Value="SOFTWARE\Microsoft\Windows\CurrentVersion\Explorer\FolderDescriptions\{491E922F-5643-4af4-A7EB-4E7A138D8174}" />
                <ActionProperty ClassName="UEM.ActionProperty.0000" Name="RunAs" PropertyType="String" Value="CurrentUser" />
                <ActionProperty ClassName="UEM.ActionProperty.0000" Name="Enforced" PropertyType="String" Value="True" />
              </ActionProperties>
            </Action>
            <Action ClassName="UEM.Action.0000" Identifier="UEM.Action.Registry.DeleteKey" ActionType="1" LinkID="FEECCDF9-CEFD-43A0-A1C4-711CF40E9F2F" Name="Delete Registry Key: HKEY_LOCAL_MACHINE\SOFTWARE\Microsoft\Windows\CurrentVersion\Explorer\FolderDescriptions\{7b0db17d-9cd2-4a93-9733-46cc89022e7c}" Enabled="True">
              <ActionProperties ClassName="UEM.ActionPropertyCollection.0000">
                <ActionProperty ClassName="UEM.ActionProperty.0000" Name="Hive" PropertyType="String" Value="HKEY_LOCAL_MACHINE" />
                <ActionProperty ClassName="UEM.ActionProperty.0000" Name="Key" PropertyType="String" Value="SOFTWARE\Microsoft\Windows\CurrentVersion\Explorer\FolderDescriptions\{7b0db17d-9cd2-4a93-9733-46cc89022e7c}" />
                <ActionProperty ClassName="UEM.ActionProperty.0000" Name="RunAs" PropertyType="String" Value="CurrentUser" />
                <ActionProperty ClassName="UEM.ActionProperty.0000" Name="Enforced" PropertyType="String" Value="True" />
              </ActionProperties>
            </Action>
            <Action ClassName="UEM.Action.0000" Identifier="UEM.Action.Registry.DeleteKey" ActionType="1" LinkID="225C5F2F-3B5C-4FDA-B5C5-08E5CE48C890" Name="Delete Registry Key: HKEY_LOCAL_MACHINE\SOFTWARE\Microsoft\Windows\CurrentVersion\Explorer\FolderDescriptions\{A302545D-DEFF-464b-ABE8-61C8648D939B}" Enabled="True">
              <ActionProperties ClassName="UEM.ActionPropertyCollection.0000">
                <ActionProperty ClassName="UEM.ActionProperty.0000" Name="Hive" PropertyType="String" Value="HKEY_LOCAL_MACHINE" />
                <ActionProperty ClassName="UEM.ActionProperty.0000" Name="Key" PropertyType="String" Value="SOFTWARE\Microsoft\Windows\CurrentVersion\Explorer\FolderDescriptions\{A302545D-DEFF-464b-ABE8-61C8648D939B}" />
                <ActionProperty ClassName="UEM.ActionProperty.0000" Name="RunAs" PropertyType="String" Value="CurrentUser" />
                <ActionProperty ClassName="UEM.ActionProperty.0000" Name="Enforced" PropertyType="String" Value="True" />
              </ActionProperties>
            </Action>
            <Action ClassName="UEM.Action.0000" Identifier="UEM.Action.Registry.DeleteKey" ActionType="1" LinkID="A5A87DC2-60F6-42AE-A078-AA7B470334D5" Name="Delete Registry Key: HKEY_LOCAL_MACHINE\SOFTWARE\Microsoft\Windows\CurrentVersion\Explorer\FolderDescriptions\{A990AE9F-A03B-4e80-94BC-9912D7504104}" Enabled="True">
              <ActionProperties ClassName="UEM.ActionPropertyCollection.0000">
                <ActionProperty ClassName="UEM.ActionProperty.0000" Name="Hive" PropertyType="String" Value="HKEY_LOCAL_MACHINE" />
                <ActionProperty ClassName="UEM.ActionProperty.0000" Name="Key" PropertyType="String" Value="SOFTWARE\Microsoft\Windows\CurrentVersion\Explorer\FolderDescriptions\{A990AE9F-A03B-4e80-94BC-9912D7504104}" />
                <ActionProperty ClassName="UEM.ActionProperty.0000" Name="RunAs" PropertyType="String" Value="CurrentUser" />
                <ActionProperty ClassName="UEM.ActionProperty.0000" Name="Enforced" PropertyType="String" Value="True" />
              </ActionProperties>
            </Action>
            <Action ClassName="UEM.Action.0000" Identifier="UEM.Action.Registry.CreateKey" ActionType="1" LinkID="E5177BBD-19BE-4DB9-AC12-172C5A446FD4" Name="Create Registry Key: HKEY_LOCAL_MACHINE\SOFTWARE\Microsoft\Windows\CurrentVersion\Explorer\HideDesktopIcons\NewStartPanel" Enabled="True">
              <ActionProperties ClassName="UEM.ActionPropertyCollection.0000">
                <ActionProperty ClassName="UEM.ActionProperty.0000" Name="Hive" PropertyType="String" Value="HKEY_LOCAL_MACHINE" />
                <ActionProperty ClassName="UEM.ActionProperty.0000" Name="Key" PropertyType="String" Value="SOFTWARE\Microsoft\Windows\CurrentVersion\Explorer\HideDesktopIcons\NewStartPanel" />
                <ActionProperty ClassName="UEM.ActionProperty.0000" Name="RunAs" PropertyType="String" Value="CurrentUser" />
                <ActionProperty ClassName="UEM.ActionProperty.0000" Name="Enforced" PropertyType="String" Value="True" />
              </ActionProperties>
            </Action>
            <Action ClassName="UEM.Action.0000" Identifier="UEM.Action.Registry.DeleteKey" ActionType="1" LinkID="10CD6351-A855-4110-9253-7BCDE24DE7A8" Name="Delete Registry Key: HKEY_LOCAL_MACHINE\SOFTWARE\Classes\CLSID\{031E4825-7B94-4dc3-B131-E946B44C8DD5}" Enabled="True">
              <ActionProperties ClassName="UEM.ActionPropertyCollection.0000">
                <ActionProperty ClassName="UEM.ActionProperty.0000" Name="Hive" PropertyType="String" Value="HKEY_LOCAL_MACHINE" />
                <ActionProperty ClassName="UEM.ActionProperty.0000" Name="Key" PropertyType="String" Value="SOFTWARE\Classes\CLSID\{031E4825-7B94-4dc3-B131-E946B44C8DD5}" />
                <ActionProperty ClassName="UEM.ActionProperty.0000" Name="RunAs" PropertyType="String" Value="CurrentUser" />
                <ActionProperty ClassName="UEM.ActionProperty.0000" Name="Enforced" PropertyType="String" Value="True" />
              </ActionProperties>
            </Action>
            <Action ClassName="UEM.Action.0000" Identifier="UEM.Action.Registry.DeleteKey" ActionType="1" LinkID="B9F12DF9-6692-44FF-8ADF-EDC992F26F03" Name="Delete Registry Key: HKEY_CLASSES_ROOT\CLSID\{031E4825-7B94-4dc3-B131-E946B44C8DD5}" Enabled="True">
              <ActionProperties ClassName="UEM.ActionPropertyCollection.0000">
                <ActionProperty ClassName="UEM.ActionProperty.0000" Name="Hive" PropertyType="String" Value="HKEY_CLASSES_ROOT" />
                <ActionProperty ClassName="UEM.ActionProperty.0000" Name="Key" PropertyType="String" Value="CLSID\{031E4825-7B94-4dc3-B131-E946B44C8DD5}" />
                <ActionProperty ClassName="UEM.ActionProperty.0000" Name="RunAs" PropertyType="String" Value="CurrentUser" />
                <ActionProperty ClassName="UEM.ActionProperty.0000" Name="Enforced" PropertyType="String" Value="True" />
              </ActionProperties>
            </Action>
            
          </Actions>
        </Action>
      </Actions>
    </Branch>
  </Branches>
  <RunAsUserLibrary ClassName="UEM.RunAsUserLibrary.0000" RunAsUserLibraryID="3F51BA48-A542-4D8D-9FB2-F70742AAF45E" />
</EMSnippet>