<?xml version="1.0" ?>
<config>
 
 <param type="REG_VAL">
  <data>
    <keyname>HKLM:\Software\Martin Prikryl\WinSCP 2\DragExt</keyname>
	<valname>PSXMLTEST</valname>
	<value>1</value>
	<valtype>STRING</valtype>
  </data>
 </param>
 
 <param type="FIND_REPLACE">
  <data>
    <filename>D:\temp\test.INI</filename>
	<findstr>server1.miru.lab</findstr>
	<replstr>sxch001</replstr>
  </data>
 </param>
 
 <param type="COPY_FILES">
  <data>
    <source>C:\temp\test.copy</source>
	<destination>D:\Temp\TEST\test.copy</destination>
	<overwrite>yes</overwrite>
	<recursive>no</recursive>
  </data>
 </param>
 
</config>
