﻿<EMSnippet ClassName="UEM.EMSnippet">
  <Branches ClassName="UEM.BranchCollection">
    <Branch ClassName="UEM.Branch" OriginalPath="Configuration.User.Events.Logoff.Branches" LinkID="338A6302-080E-4878-A7F8-7F7D3FDDB724" Name="CertificateManagement" Enabled="True" EventType="UserLogOff">
      <Actions ClassName="UEM.ActionBaseCollection">
        <Action ClassName="UEM.Action" Identifier="UEM.Action.CustomScripts" ActionType="8" LinkID="42234340-14C4-416A-8011-34F40EE91155" Name="Custom Action VBScript Export Certificates. Run for 0 Seconds. Prevent script from running interactively is True" Enabled="True">
          <ActionProperties ClassName="UEM.ActionPropertyCollection">
            <ActionProperty ClassName="UEM.ActionProperty" Name="RunAs" PropertyType="String" Value="CurrentUser" />
            <ActionProperty ClassName="UEM.ActionProperty" Name="Host" PropertyType="String" Value="VBScript" />
            <ActionProperty ClassName="UEM.ActionProperty" Name="Description" PropertyType="String" Value="Export Certificates" />
            <ActionProperty ClassName="UEM.ActionProperty" Name="RunBatchMode" PropertyType="Boolean" Value="True" />
            <ActionProperty ClassName="UEM.ActionProperty" Name="ScriptData" PropertyType="String" Value="'Place code after this comment to&#xA;'Allow custom actions to be&#xA;'Utilised within Environment Manager&#xA;'Leave spaces to improve readability&#xA;&#xA;'Initialise&#xA;Set shell = CreateObject(&quot;WScript.Shell&quot;)&#xA;&#xA;'Enum Logonserver &#xA;Set objDomain = GetObject(&quot;LDAP://rootDse&quot;)&#xA;objDC = objDomain.Get(&quot;DNSHostName&quot;)&#xA;&#xA;' Do the work...&#xA;a=shell.run(&quot;Powershell.exe \\&quot; &amp; objDC &amp; &quot;\NETLOGON\ExportCert.ps1 H:\Certs CurrentUser DC=LOC&quot;,7,True)&#xA;    &#xA;WScript.Quit 0	'Return success&#xA;'WScript.Quit 1	' Uncomment to return failure" />
            <ActionProperty ClassName="UEM.ActionProperty" Name="MaxRunTime" PropertyType="String" Value="0" />
          </ActionProperties>
          <Description ClassName="UEM.Description" Text="" />
          <Notes ClassName="UEM.Notes" Text="" />
        </Action>
      </Actions>
    </Branch>
  </Branches>
  <RunAsUserLibrary ClassName="UEM.RunAsUserLibrary" RunAsUserLibraryID="D397FCD1-B18A-4CA8-9AE2-1A16870A23D5" />
</EMSnippet>